{
	"common": {
		"common_damage": "34184",
		"common_ele": "447"
	},
	"skill": [
		{
			"skillname": "폭검",
			"reqlvl": "35",
			"maxlvl": "36",
			"lvl_interval": "2",
			"damage": "530416",
			"talisman": false,
			"synergy": null
		},
		{
			"skillname": "난화검",
			"reqlvl": "35",
			"maxlvl": "24",
			"lvl_interval": "3",
			"damage": "606712",
			"talisman": false
		},
		{
			"skillname": "파적공",
			"reqlvl": "40",
			"maxlvl": "33",
			"lvl_interval": "2",
			"damage": "832046",
			"talisman": true
		},
		{
			"skillname": "만리일섬",
			"reqlvl": "45",
			"maxlvl": "31",
			"lvl_interval": "2",
			"damage": "1002626",
			"talisman": true
		},
		{
			"skillname": "백보신장",
			"reqlvl": "70",
			"maxlvl": "18",
			"lvl_interval": "2",
			"damage": "909686",
			"talisman": false
		},
		{
			"skillname": "연화검무",
			"reqlvl": "75",
			"maxlvl": "16",
			"lvl_interval": "2",
			"damage": "931437",
			"talisman": false
		},
		{
			"skillname": "연화섬",
			"reqlvl": "80",
			"maxlvl": "13",
			"lvl_interval": "2",
			"damage": "972446",
			"talisman": false
		},
		{
			"skillname": "월광비무",
			"reqlvl": "85",
			"maxlvl": "5",
			"lvl_interval": "2",
			"damage": "1894577",
			"talisman": false
		},
		{
			"skillname": "엽해소옥",
			"reqlvl": "95",
			"maxlvl": "6",
			"lvl_interval": "2",
			"damage": "1080387",
			"talisman": false
		},
		{
			"skillname": "월하무즉정야",
			"reqlvl": "100",
			"maxlvl": "2",
			"lvl_interval": "5",
			"damage": "3222468",
			"talisman": false
		}
	]
}