{
	"common": {
		"common_damage": "34184",
		"common_ele": "447"
	},
	"skill": [
		{
			"skillname": "수라 진공참",
			"reqlvl": "20",
			"maxlvl": "43",
			"lvl_interval": "2",
			"damage": "323016",
			"talisman": null,
			"cooltime": "10",
			"synergy": {
				"20": "0.0333333333333334"
			}
		},
		{
			"skillname": "파동검 폭염",
			"reqlvl": "35",
			"maxlvl": "36",
			"lvl_interval": "2",
			"damage": "412284",
			"talisman": null,
			"cooltime": "15"
		},
		{
			"skillname": "무쌍파",
			"reqlvl": "35",
			"maxlvl": "36",
			"lvl_interval": "2",
			"damage": "418078",
			"cooltime": "20",
			"talisman": {
				"skillname": "절제된 파동검",
				"damage": "501694"
			}
		},
		{
			"skillname": "작열 파동진",
			"reqlvl": "40",
			"maxlvl": "33",
			"lvl_interval": "2",
			"damage": "457270",
			"cooltime": "20",
			"talisman": {
				"skillname": "파동연격",
				"damage": "525861",
				"cooldown": "0.15"
			}
		},
		{
			"skillname": "부동명왕진",
			"reqlvl": "45",
			"maxlvl": "31",
			"lvl_interval": "2",
			"damage": "835398",
			"cooltime": "45",
			"talisman": {
				"skillname": "광명부동진",
				"damage": "1035275"
			}
		},
		{
			"skillname": "극파동검 빙인",
			"reqlvl": "60",
			"maxlvl": "23",
			"lvl_interval": "2",
			"damage": "417290",
			"cooltime": "20",
			"talisman": {
				"skillname": "극빙검-절대 영도",
				"damage": "513651"
			}
		},
		{
			"skillname": "극파동검 폭염",
			"reqlvl": "70",
			"maxlvl": "18",
			"lvl_interval": "2",
			"damage": "495682",
			"cooltime": "35",
			"talisman": {
				"skillname": "불꽃의 해일",
				"damage": "599040"
			}
		},
		{
			"skillname": "파동검-인다라망",
			"reqlvl": "75",
			"maxlvl": "16",
			"lvl_interval": "2",
			"damage": "886070",
			"cooltime": "40"
		},
		{
			"skillname": "천뇌 바주라",
			"reqlvl": "80",
			"maxlvl": "13",
			"lvl_interval": "2",
			"damage": "566983",
			"cooltime": "45"
		},
		{
			"skillname": "뇌신",
			"reqlvl": "85",
			"maxlvl": "5",
			"lvl_interval": "5",
			"damage": "1365276",
			"cooltime": "180",
			"talisman": null
		},
		{
			"skillname": "파동교류-수폭",
			"reqlvl": "95",
			"maxlvl": "6",
			"lvl_interval": "2",
			"damage": "1005341",
			"cooltime": "60",
			"talisman": null
		},
		{
			"skillname": "파동신결-천뢰",
			"reqlvl": "100",
			"maxlvl": "2",
			"lvl_interval": "5",
			"damage": "2855752",
			"cooltime": "290",
			"silmari": null
		}
	],
	"passive": []
}