{
	"common": {
		"common_damage": "34184",
		"common_ele": "447"
	},
	"skill": [
		{
			"skillname": "사복검 - 조",
			"reqlvl": "25",
			"maxlvl": "41",
			"lvl_interval": "2",
			"damage": "298467",
			"talisman": null,
			"cooltime": "8",
			"synergy": null
		},
		{
			"skillname": "혈화난무",
			"reqlvl": "35",
			"maxlvl": "36",
			"lvl_interval": "2",
			"damage": "559871",
			"talisman": {
				"skillname": "광란의 여왕",
				"damage": "589334",
				"cooldown": "0.1"
			},
			"cooltime": "20",
			"synergy": null
		},
		{
			"skillname": "분마검",
			"reqlvl": "35",
			"maxlvl": "36",
			"lvl_interval": "2",
			"damage": "504278",
			"cooltime": "20",
			"coolsynergy": null,
			"talisman": null,
			"synergy": null
		},
		{
			"skillname": "혈지군무",
			"reqlvl": "40",
			"maxlvl": "23",
			"lvl_interval": "3",
			"damage": "812124",
			"talisman": {
				"skillname": "마인의 군대",
				"damage": "1007033"
			},
			"cooltime": "30"
		},
		{
			"skillname": "검마격살",
			"reqlvl": "45",
			"maxlvl": "31",
			"lvl_interval": "2",
			"damage": "910077",
			"cooltime": "40",
			"talisman": {
				"skillname": "콜 다이무스",
				"damage": "1130972"
			},
			"synergy": null
		},
		{
			"skillname": "역천의 프놈",
			"reqlvl": "60",
			"maxlvl": "23",
			"lvl_interval": "2",
			"damage": "800317",
			"cooltime": "30",
			"talisman": {
				"skillname": "마인 감옥",
				"damage": "864342"
			}
		},
		{
			"skillname": "혈마검",
			"reqlvl": "70",
			"maxlvl": "18",
			"lvl_interval": "2",
			"damage": "1002177",
			"cooltime": "50",
			"talisman": {
				"skillname": "혈마연격",
				"damage": "1142482"
			}
		},
		{
			"skillname": "암연격-기가슬래쉬",
			"reqlvl": "75",
			"maxlvl": "16",
			"lvl_interval": "2",
			"damage": "983919",
			"cooltime": "40",
			"talisman": null,
			"synergy": null
		},
		{
			"skillname": "비인외도-극",
			"reqlvl": "80",
			"maxlvl": "13",
			"lvl_interval": "2",
			"damage": "957404",
			"cooltime": "45",
			"talisman": null
		},
		{
			"skillname": "파계검-라그나로크",
			"reqlvl": "85",
			"maxlvl": "5",
			"lvl_interval": "5",
			"cooltime": "180",
			"damage": "2206309",
			"talisman": null
		},
		{
			"skillname": "혈문지괴검",
			"reqlvl": "95",
			"maxlvl": "6",
			"lvl_interval": "2",
			"damage": "1351696",
			"cooltime": "60",
			"talisman": null
		},
		{
			"skillname": "비인검-알카트라즈",
			"reqlvl": "100",
			"maxlvl": "2",
			"lvl_interval": "5",
			"damage": "3630067",
			"cooltime": "290",
			"silmari": null
		}
	],
	"passive": []
}