{
	"common": {
		"common_damage": "28135",
		"common_ele": "533"
	},
	"skill": [
		{
			"skillname": "축염포",
			"reqlvl": "15",
			"maxlvl": "46",
			"lvl_interval": "2",
			"damage": "89646",
			"talisman": null,
			"cooltime": "3",
			"synergy": {
				"20": "0.021645"
			}
		},
		{
			"skillname": "기옥탄",
			"reqlvl": "15",
			"maxlvl": "46",
			"lvl_interval": "2",
			"damage": "167122",
			"talisman": null,
			"cooltime": "8"
		},
		{
			"skillname": "환영폭쇄",
			"reqlvl": "20",
			"maxlvl": "43",
			"lvl_interval": "2",
			"damage": "231929",
			"cooltime": "12",
			"coolsynergy": null,
			"talisman": null,
			"synergy": {
				"5": "0.066667"
			}
		},
		{
			"skillname": "사자후",
			"reqlvl": "35",
			"maxlvl": "36",
			"lvl_interval": "2",
			"damage": "288528",
			"talisman": {
				"skillname": "대지일갈",
				"damage": "366431"
			},
			"coolsynergy": {
				"111012": "0.3"
			},
			"synergy": {
				"111012": "0.2"
			},
			"cooltime": "15"
		},
		{
			"skillname": "기공장",
			"reqlvl": "40",
			"maxlvl": "33",
			"lvl_interval": "2",
			"damage": "444248",
			"cooltime": "20",
			"talisman": {
				"skillname": "기공방출-쾌",
				"damage": "502000"
			}
		},
		{
			"skillname": "광충노도",
			"reqlvl": "45",
			"maxlvl": "31",
			"lvl_interval": "2",
			"damage": "673683",
			"cooltime": "45",
			"talisman": {
				"skillname": "나선의 대칭점",
				"damage": "870014"
			}
		},
		{
			"skillname": "넨화",
			"reqlvl": "50",
			"maxlvl": "12",
			"lvl_interval": "5",
			"damage": "1061344",
			"cooltime": "145",
			"silmari": null
		},
		{
			"skillname": "광룡십삼장",
			"reqlvl": "60",
			"maxlvl": "23",
			"lvl_interval": "2",
			"damage": "552300",
			"cooltime": "30",
			"talisman": {
				"skillname": "진-광룡강림",
				"damage": "662801",
				"cooldown": "0.1"
			}
		},
		{
			"skillname": "태사자후",
			"reqlvl": "70",
			"maxlvl": "18",
			"lvl_interval": "2",
			"damage": "531533",
			"cooltime": "30",
			"talisman": {
				"skillname": "천지일갈",
				"damage": "667010",
				"cooldown": "0.1"
			}
		},
		{
			"skillname": "세인트 일루전",
			"reqlvl": "75",
			"maxlvl": "16",
			"lvl_interval": "2",
			"cooltime": "40",
			"damage": "734103",
			"talisman": null
		},
		{
			"skillname": "흡기공탄",
			"reqlvl": "80",
			"maxlvl": "13",
			"lvl_interval": "2",
			"damage": "794863",
			"cooltime": "45",
			"talisman": null
		},
		{
			"skillname": "광휘의 넨",
			"reqlvl": "85",
			"maxlvl": "5",
			"lvl_interval": "5",
			"damage": "1850004",
			"cooltime": "180",
			"silmari": true
		}
	],
	"passive": []
}