{
	"common": {
		"common_damage": "34184",
		"common_ele": "447"
	},
	"skill": [
		{
			"skillname": "더스트 샷",
			"reqlvl": "10",
			"maxlvl": "48",
			"lvl_interval": "2",
			"damage": "129953",
			"talisman": null,
			"cooltime": "5"
		},
		{
			"skillname": "체인 스내치",
			"reqlvl": "25",
			"maxlvl": "27",
			"lvl_interval": "3",
			"damage": "177354",
			"talisman": null,
			"cooltime": "5"
		},
		{
			"skillname": "권총의 춤",
			"reqlvl": "35",
			"maxlvl": "36",
			"lvl_interval": "2",
			"damage": "450017",
			"cooltime": "17.3",
			"coolsynergy": null,
			"talisman": {
				"skillname": "블레이드 댄싱",
				"damage": "556200",
				"cooldown": "0.1"
			}
		},
		{
			"skillname": "이동사격",
			"reqlvl": "35",
			"maxlvl": "36",
			"lvl_interval": "2",
			"damage": "683283",
			"talisman": null,
			"cooltime": "24.3"
		},
		{
			"skillname": "멀티 헤드샷",
			"reqlvl": "40",
			"maxlvl": "33",
			"lvl_interval": "2",
			"damage": "423872",
			"cooltime": "19.8",
			"talisman": {
				"skillname": "스타일리쉬 헤드샷",
				"damage": "500169"
			}
		},
		{
			"skillname": "더블 건호크",
			"reqlvl": "45",
			"maxlvl": "31",
			"lvl_interval": "2",
			"damage": "1634328",
			"cooltime": "44.6",
			"talisman": {
				"skillname": "스피닝 탑 건호크",
				"damage": "1967711"
			}
		},
		{
			"skillname": "블러디 카니발",
			"reqlvl": "50",
			"maxlvl": "12",
			"lvl_interval": "5",
			"damage": "1391747",
			"cooltime": "145",
			"silmari": null
		},
		{
			"skillname": "블러디 스파이크",
			"reqlvl": "60",
			"maxlvl": "23",
			"lvl_interval": "2",
			"damage": "504814",
			"cooltime": "25",
			"talisman": {
				"skillname": "블러디 스타",
				"damage": "647563"
			}
		},
		{
			"skillname": "제압 사격",
			"reqlvl": "70",
			"maxlvl": "18",
			"lvl_interval": "2",
			"damage": "981846",
			"cooltime": "50",
			"talisman": {
				"skillname": "블레이드 스톰",
				"damage": "1194425"
			}
		},
		{
			"skillname": "킬 포인트",
			"reqlvl": "75",
			"maxlvl": "11",
			"lvl_interval": "3",
			"cooltime": "40",
			"damage": "714100",
			"talisman": null
		},
		{
			"skillname": "체인 디바이더",
			"reqlvl": "80",
			"maxlvl": "13",
			"lvl_interval": "2",
			"damage": "649245",
			"cooltime": "45",
			"talisman": null
		},
		{
			"skillname": "블러드 앤 체인",
			"reqlvl": "85",
			"maxlvl": "5",
			"lvl_interval": "5",
			"damage": "1923581",
			"cooltime": "180",
			"silmari": true
		}
	],
	"passive": [
		{
			"skillname": "리볼버 강화",
			"reqlvl": "15",
			"value": "20",
			"up_value": "2",
			"synergy": null
		},
		{
			"skillname": "스타일리쉬",
			"reqlvl": "20",
			"value": "10",
			"up_value": "2",
			"synergy": null
		},
		{
			"skillname": "베일드 컷",
			"reqlvl": "48",
			"value": "42.5",
			"up_value": "2",
			"synergy": null
		},
		{
			"skillname": "쏘우 블레이드",
			"reqlvl": "75",
			"value": "44",
			"up_value": "2",
			"synergy": null
		},
		{
			"skillname": "내딛는 한걸음",
			"reqlvl": "95",
			"value": "26",
			"up_value": "2",
			"synergy": null
		},
		{
			"skillname": "찰나의 깨달음",
			"reqlvl": "95",
			"value": "5",
			"up_value": "1",
			"synergy": null
		}
	]
}