{
	"common": {
		"common_damage": "31625",
		"common_ele": "477"
	},
	"skill": [
		{
			"skillname": "칼라10초",
			"reqlvl": "45",
			"maxlvl": "32",
			"lvl_interval": "2",
			"damage": "211228",
			"talisman": null,
			"cooltime": "10",
			"synergy": null
		},
		{
			"skillname": "귀검편",
			"reqlvl": "30",
			"maxlvl": "26",
			"lvl_interval": "3",
			"damage": "208118",
			"talisman": null,
			"cooltime": "8",
			"synergy": null
		},
		{
			"skillname": "역병의 라사",
			"reqlvl": "35",
			"maxlvl": "37",
			"lvl_interval": "2",
			"damage": "421000",
			"cooltime": "20",
			"talisman": {
				"skillname": "역병아귀",
				"damage": "481624"
			}
		},
		{
			"skillname": "귀참-광폭",
			"reqlvl": "40",
			"maxlvl": "33",
			"lvl_interval": "2",
			"damage": "435334",
			"cooltime": "20",
			"talisman": {
				"skillname": "영혼분쇄",
				"damage": "548521"
			}
		},
		{
			"skillname": "흑염검",
			"reqlvl": "45",
			"maxlvl": "32",
			"lvl_interval": "2",
			"damage": "703604",
			"cooltime": "45",
			"talisman": {
				"skillname": "흑염-일섬",
				"damage": "844325"
			}
		},
		{
			"skillname": "귀참-나락",
			"reqlvl": "60",
			"maxlvl": "23",
			"lvl_interval": "2",
			"damage": "530823",
			"cooltime": "30",
			"talisman": {
				"skillname": "파고드는 고통",
				"damage": "641055",
				"cooldown": "0.1"
			}
		},
		{
			"skillname": "툼스톤 스웜프",
			"reqlvl": "70",
			"maxlvl": "18",
			"lvl_interval": "2",
			"damage": "591108",
			"cooltime": "40",
			"talisman": {
				"skillname": "백귀야행",
				"damage": "709329"
			}
		},
		{
			"skillname": "블레이드 팬텀",
			"reqlvl": "75",
			"maxlvl": "16",
			"lvl_interval": "2",
			"damage": "841780",
			"cooltime": "40"
		},
		{
			"skillname": "검귀강령-식",
			"reqlvl": "80",
			"maxlvl": "13",
			"lvl_interval": "2",
			"damage": "698712",
			"cooltime": "45"
		},
		{
			"skillname": "지그 강림",
			"reqlvl": "85",
			"maxlvl": "5",
			"lvl_interval": "2",
			"damage": "1121953",
			"cooltime": "180",
			"talisman": null
		},
		{
			"skillname": "탐식의 크레바스",
			"reqlvl": "95",
			"maxlvl": "6",
			"lvl_interval": "2",
			"damage": "1008778",
			"cooltime": "60",
			"talisman": null
		},
		{
			"skillname": "구천강림-귀문",
			"reqlvl": "100",
			"maxlvl": "2",
			"lvl_interval": "5",
			"damage": "2978511",
			"cooltime": "290",
			"silmari": null
		}
	],
	"passive": []
}