{
	"common": {
		"common_damage": "34184",
		"common_ele": "447"
	},
	"skill": [
		{
			"skillname": "환검",
			"reqlvl": "25",
			"maxlvl": "41",
			"lvl_interval": "2",
			"damage": "260303",
			"talisman": null,
			"cooltime": "8",
			"synergy": {
				"둔기": "0.37476723221617"
			}
		},
		{
			"skillname": "섬광",
			"reqlvl": "35",
			"maxlvl": "36",
			"lvl_interval": "2",
			"damage": "436012",
			"talisman": null,
			"cooltime": "15",
			"synergy": {
				"도": "0.33979175684719",
				"소검": "0.54335717407456"
			}
		},
		{
			"skillname": "반월",
			"reqlvl": "35",
			"maxlvl": "24",
			"lvl_interval": "3",
			"damage": "610327",
			"cooltime": "15",
			"talisman": {
				"skillname": "문플래쉬",
				"damage": "756806"
			},
			"synergy": {
				"둔기": "-0.180326895540174",
				"도": "-0.180326895540174",
				"소검": "-0.180326895540174"
			}
		},
		{
			"skillname": "폭명기검",
			"reqlvl": "40",
			"maxlvl": "33",
			"lvl_interval": "2",
			"damage": "490845",
			"cooltime": "20",
			"talisman": {
				"skillname": "파괴증식",
				"damage": "617315"
			},
			"synergy": {
				"둔기": "0.300819383898589"
			}
		},
		{
			"skillname": "악즉참",
			"reqlvl": "45",
			"maxlvl": "31",
			"lvl_interval": "2",
			"damage": "1334759",
			"cooltime": "40",
			"talisman": {
				"skillname": "데빌슬레이어",
				"damage": "1576228",
				"cooldown": "0.05"
			},
			"synergy": {
				"둔기": "-0.155515723640906",
				"도": "-0.155515723640906",
				"소검": "-0.155515723640906"
			}
		},
		{
			"skillname": "용성락",
			"reqlvl": "60",
			"maxlvl": "23",
			"lvl_interval": "2",
			"damage": "635391",
			"cooltime": "30",
			"talisman": {
				"skillname": "피어싱 블레이드",
				"damage": "740890",
				"cooldown": "0.05"
			},
			"synergy": null
		},
		{
			"skillname": "참마검",
			"reqlvl": "70",
			"maxlvl": "18",
			"lvl_interval": "2",
			"damage": "1020358",
			"cooltime": "50",
			"talisman": {
				"skillname": "엑스트라 익스플로전",
				"damage": "1204039"
			},
			"synergy": null
		},
		{
			"skillname": "마검방출",
			"reqlvl": "75",
			"maxlvl": "16",
			"lvl_interval": "2",
			"damage": "786939",
			"cooltime": "25",
			"synergy": {
				"30": "0.00472272",
				"75": "-0.00402"
			}
		},
		{
			"skillname": "극 귀검술-파검무",
			"reqlvl": "80",
			"maxlvl": "13",
			"lvl_interval": "2",
			"damage": "950300",
			"cooltime": "45"
		},
		{
			"skillname": "궁극의 검-레바테인",
			"reqlvl": "85",
			"maxlvl": "5",
			"lvl_interval": "5",
			"damage": "1679248",
			"cooltime": "180",
			"talisman": null
		},
		{
			"skillname": "극 마검술-창륜검",
			"reqlvl": "95",
			"maxlvl": "6",
			"lvl_interval": "2",
			"damage": "1154470",
			"cooltime": "60",
			"talisman": null
		},
		{
			"skillname": "리전 오브 슈프림",
			"reqlvl": "100",
			"maxlvl": "2",
			"lvl_interval": "5",
			"damage": "3486936",
			"cooltime": "290",
			"silmari": null
		}
	],
	"passive": []
}