{
	"common": {
		"common_damage": "34184",
		"common_ele": "447"
	},
	"skill": [
		{
			"skillname": "비연장",
			"reqlvl": "35",
			"maxlvl": "36",
			"lvl_interval": "2",
			"damage": "395094",
			"talisman": null,
			"cooltime": "12",
			"synergy": null
		},
		{
			"skillname": "난화검",
			"reqlvl": "35",
			"maxlvl": "24",
			"lvl_interval": "3",
			"damage": "606712",
			"talisman": {
				"skillname": "일화통암",
				"damage": "765566"
			},
			"cooltime": "25",
			"synergy": null
		},
		{
			"skillname": "폭검",
			"reqlvl": "40",
			"maxlvl": "33",
			"lvl_interval": "2",
			"damage": "530416",
			"cooltime": "20",
			"coolsynergy": null,
			"talisman": null,
			"synergy": null
		},
		{
			"skillname": "폭멸장",
			"reqlvl": "40",
			"maxlvl": "33",
			"lvl_interval": "2",
			"damage": "688209",
			"talisman": {
				"skillname": "파적공",
				"damage": "832046"
			},
			"cooltime": "30"
		},
		{
			"skillname": "혜성만리",
			"reqlvl": "45",
			"maxlvl": "31",
			"lvl_interval": "2",
			"damage": "835979",
			"cooltime": "40",
			"talisman": {
				"skillname": "만리일섬",
				"damage": "1002626"
			},
			"synergy": null
		},
		{
			"skillname": "십자검",
			"reqlvl": "60",
			"maxlvl": "23",
			"lvl_interval": "2",
			"damage": "598331",
			"cooltime": "30",
			"talisman": {
				"skillname": "일몰여평섬",
				"damage": "599466",
				"cooldown": "0.2"
			}
		},
		{
			"skillname": "백보신장",
			"reqlvl": "70",
			"maxlvl": "18",
			"lvl_interval": "2",
			"damage": "909686",
			"cooltime": "50",
			"talisman": {
				"skillname": "무형장",
				"damage": "1077038"
			}
		},
		{
			"skillname": "연화검무",
			"reqlvl": "75",
			"maxlvl": "16",
			"lvl_interval": "2",
			"damage": "931437",
			"cooltime": "40",
			"talisman": null,
			"synergy": null
		},
		{
			"skillname": "연화섬",
			"reqlvl": "80",
			"maxlvl": "13",
			"lvl_interval": "2",
			"damage": "972446",
			"cooltime": "45",
			"talisman": null
		},
		{
			"skillname": "월광비무",
			"reqlvl": "85",
			"maxlvl": "5",
			"lvl_interval": "5",
			"cooltime": "180",
			"damage": "1894577",
			"talisman": null
		},
		{
			"skillname": "엽해소옥",
			"reqlvl": "95",
			"maxlvl": "6",
			"lvl_interval": "2",
			"damage": "1080387",
			"cooltime": "60",
			"talisman": null
		},
		{
			"skillname": "월하무즉정야",
			"reqlvl": "100",
			"maxlvl": "2",
			"lvl_interval": "5",
			"damage": "3222468",
			"cooltime": "290",
			"silmari": null
		}
	],
	"passive": []
}