{
	"가이아(2각)": [
		"가이아(2각)",
		0,
		0
	],
	"갓파더(2각)": [
		"갓파더(2각)",
		0,
		0
	],
	"검신(진각)": [
		"검신(진각)",
		0,
		0
	],
	"검제(진각)": [
		"검제(진각)",
		0,
		0
	],
	"그랜드마스터(진각)": [
		"그랜드마스터(진각)",
		0,
		0
	],
	"그림리퍼(2각)": [
		"그림리퍼(2각)",
		0,
		0
	],
	"네메시스(진각)": [
		"네메시스(진각)",
		0,
		0
	],
	"다크나이트(2각)": [
		"다크나이트(2각)",
		0,
		0
	],
	"다크로드(진각)": [
		"다크로드(진각)",
		30,
		5
	],
	"듀란달(2각)": [
		"듀란달(2각)",
		0,
		0
	],
	"드레드노트(2각)": [
		"드레드노트(2각)",
		0,
		0
	],
	"디스트로이어(진각)": [
		"디스트로이어(진각)",
		0,
		0
	],
	"디어사이드(진각)": [
		"디어사이드(진각)",
		0,
		0
	],
	"레이븐(진각)": [
		"레이븐(진각)",
		0,
		0
	],
	"레퀴엠(2각)": [
		"레퀴엠(2각)",
		0,
		0
	],
	"리디머(2각)": [
		"리디머(2각)",
		0,
		0
	],
	"마신(2각)": [
		"마신(2각)",
		0,
		0
	],
	"마제스티(진각)": [
		"마제스티(진각)",
		0,
		0
	],
	"명왕(진각)": [
		"명왕(진각)",
		0,
		0
	],
	"뱀파이어로드(2각)": [
		"뱀파이어로드(2각)",
		0,
		0
	],
	"블러드이블(진각)": [
		"블러드이블(진각)",
		0,
		0
	],
	"세이비어(2각)": [
		"세이비어(2각)",
		0,
		0
	],
	"세인트(2각)": [
		"세인트(2각)",
		0,
		0
	],
	"스톰트루퍼(2각)": [
		"스톰트루퍼(2각)",
		0,
		0
	],
	"시라누이(2각)": [
		"시라누이(2각)",
		66,
		2
	],
	"아슈타르테(2각)": [
		"아슈타르테(2각)",
		0,
		0
	],
	"아이올로스(2각)": [
		"아이올로스(2각)",
		0,
		0
	],
	"악귀나찰(진각)": [
		"악귀나찰(진각)",
		0,
		0
	],
	"알키오네(2각)": [
		"알키오네(2각)",
		0,
		0
	],
	"어센션(2각)": [
		"어센션(2각)",
		0,
		0
	],
	"언터처블(2각)": [
		"언터처블(2각)",
		0,
		0
	],
	"얼티밋디바(2각)": [
		"얼티밋디바(2각)",
		0,
		0
	],
	"에레보스(2각)": [
		"에레보스(2각)",
		70,
		4
	],
	"염제폐월수화(2각)": [
		"염제폐월수화(2각)",
		86,
		0
	],
	"염황광풍제월(진각)": [
		"염황광풍제월(진각)",
		86,
		0
	],
	"오버마인드(2각)": [
		"오버마인드(2각)",
		0,
		0
	],
	"오블리비언(2각)": [
		"오블리비언(2각)",
		76,
		6
	],
	"옵티머스(2각)": [
		"옵티머스(2각)",
		0,
		0
	],
	"용독문주(2각)": [
		"용독문주(2각)",
		0,
		0
	],
	"워로드(2각)": [
		"워로드(2각)",
		0,
		0
	],
	"이모탈(2각)": [
		"이모탈(2각)",
		0,
		0
	],
	"이클립스(2각)": [
		"이클립스(2각)",
		22,
		0
	],
	"이터널(2각)": [
		"이터널(2각)",
		70,
		4
	],
	"인다라천(진각)": [
		"인다라천(진각)",
		0,
		0
	],
	"인페르노(2각)": [
		"인페르노(2각)",
		0,
		0
	],
	"저스티스(2각)": [
		"저스티스(2각)",
		0,
		0
	],
	"제노사이더(2각)": [
		"제노사이더(2각)",
		0,
		0
	],
	"지니위즈(2각)": [
		"지니위즈(2각)",
		0,
		0
	],
	"천선낭랑(2각)": [
		"천선낭랑(2각)",
		0,
		0
	],
	"카이저(2각)": [
		"카이저(2각)",
		0,
		0
	],
	"커맨더(진각)": [
		"커맨더(진각)",
		0,
		0
	],
	"크리에이터(2각)": [
		"크리에이터(2각)",
		0,
		0
	],
	"크림슨로제(2각)": [
		"크림슨로제(2각)",
		0,
		0
	],
	"타나토스(2각)": [
		"타나토스(2각)",
		78,
		3
	],
	"태을선인(2각)": [
		"태을선인(2각)",
		0,
		0
	],
	"패스파인더(2각)": [
		"패스파인더(2각)",
		0,
		0
	],
	"패황(진각)": [
		"패황(진각)",
		0,
		0
	],
	"프라임(진각)": [
		"프라임(진각)",
		0,
		0
	],
	"프레이야(2각)": [
		"프레이야(2각)",
		0,
		0
	],
	"(버프)세인트(2각)": [
		"(버프)세인트(2각)",
		-60,
		0
	],
	"(버프)세라핌(2각)": [
		"(버프)세라핌(2각)",
		-60,
		0
	],
	"(버프)헤카테(2각)": [
		"(버프)헤카테(2각)",
		-60,
		0
	],
	"직업명": [
		"직업명",
		"속강",
		"속강증"
	],
	"empty": [
		"empty",
		"2각시너지",
		0
	]
}