{
	"흑천의 주인": "111001",
	"별의 바다 : 바드나후": "111002",
	"적광검 루이너스": "111003",
	"전장의 열정 : 앵거바딜": "111004",
	"신념의 징표 : 칼리번": "111005",
	"판데모니엄 플레임": "111006",
	"하티 - 달을 탐하는 자": "111007",
	"태극천제검": "111008",
	"아방가르드": "111009",
	"데우스 이미저리": "111010",
	"카심의 대검": "111011",
	"백호의 울음소리": "111012",
	"청명한 의지": "111013",
	"청사곤": "111014",
	"어그레시브 카이트": "111015",
	"매드 싸이클론": "111016",
	"로드 오브 더 페인": "111017",
	"태음신 : 영귀": "111018",
	"디스트로이 프레셔": "111019",
	"블레이즈 헌터": "111020",
	"일렉트로 부스터": "111021",
	"팔로우 더 스타티스": "111022",
	"메가쇼크 런처": "111023",
	"커스텀 라이져 보우": "111024",
	"음유시인의 만돌린": "111025",
	"미드나잇 러시안 룰렛": "111026",
	"블러드 샷 부스터": "111027",
	"터뷸런스": "111028",
	"스트라이커-X": "111029",
	"레볼루션 차지": "111030",
	"오버스펙 라이즈": "111031",
	"세계수의 뿌리": "111032",
	"루나 베네딕티오": "111033",
	"플레임 헬": "111034",
	"마력의 샘 : 카스탈리아": "111035",
	"우디 부기": "111036",
	"카오스 시드": "111037",
	"어나이얼레이터": "111038",
	"영창 : 불멸의 혼": "111039",
	"세계수의 요정": "111040",
	"순백의 기도": "111041",
	"포 더 세크리드": "111042",
	"눈부신 영광": "111043",
	"윤회의 고리 : 환룡": "111044",
	"고대 신수의 기억": "111045",
	"라스트 인파이팅": "111046",
	"개척자의 길": "111047",
	"불카누스의 두번째 흔적": "111048",
	"신념의 무게": "111049",
	"루즈 리즌": "111050",
	"이교도 교주의 심판": "111051",
	"샤프 쉐도어": "111052",
	"암살단장의 옥장도": "111053",
	"화려한 눈속임": "111054",
	"핏빛 무도회": "111055",
	"푸른 생명의 이면": "111056",
	"고결한 정령의 유물": "111057",
	"블러드 루비아이": "111058",
	"도화선": "111059",
	"끊임없는 환영": "111060",
	"전장의 선봉장": "111061",
	"통곡의 수문장": "111062",
	"사암주극": "111063",
	"일렉트로전": "111064",
	"천장군 : 전승의 빛": "111065",
	"사일런트 베놈": "111066",
	"기가 드릴러": "111067",
	"금강비장도": "111068",
	"야천도": "111069",
	"차갑게 굳어버린 홍염": "111070",
	"다크 플레임 리퍼": "111071",
	"아토믹 파일": "111072",
	"홍염폭검": "111073",
	"베투스 코르": "111074",
	"프로젝트 : 오버코어": "111075",
	"고대 제사장의 로브": "11010",
	"대제사장의 예복": "11011",
	"마법사 [???]의 로브": "11020",
	"대 마법사 [???]의 로브": "11021",
	"우아한 선율의 왈츠": "11030",
	"낭만적인 선율의 왈츠": "11031",
	"죽음을 덮치는 그림자 재킷": "11040",
	"생사를 다스리는 그림자의 재킷": "11041",
	"고귀한 집행자의 제복 자켓": "11050",
	"수석 집행관의 코트": "11051",
	"전장의 매": "11060",
	"최후의 전술": "11061",
	"타오르는 열기의 용기": "11070",
	"작열하는 대지의 용맹": "11071",
	"트로피카 : 용과": "11080",
	"트로피카 : 드레이크": "11081",
	"웨어러블 파워 슈트": "11090",
	"웨어러블 아크 팩": "11091",
	"사탄 : 들끓는 분노": "11100",
	"사탄 : 분노의 군주": "11101",
	"페어리의 몸짓": "11110",
	"천상의 날개": "11111",
	"구속의 체인 메일": "11120",
	"결속의 체인 플레이트": "11121",
	"지체없는 흐름의 한뉘": "11130",
	"영명한 세상의 순환": "11131",
	"무의식적 선택": "11140",
	"선택이익": "11141",
	"포용의 굳건한 대지": "11150",
	"원시 태동의 대지": "11151",
	"심연에 빠진 검은 셔츠": "11280",
	"고대 심연의 로브": "11281",
	"길 안내자의 물소 코트": "11290",
	"길 방랑자의 물소 코트": "11291",
	"나락의 끝자락": "11300",
	"종말의 역전": "11301",
	"피를 머금은 한": "11310",
	"세상을 삼키는 분노": "11311",
	"null": "4555",
	"고대 제사장의 치마": "12010",
	"마법사 [???]의 하의": "12020",
	"매혹적인 리듬의 룸바": "12030",
	"죽음을 덮치는 그림자 바지": "12040",
	"고귀한 집행자의 제복 바지": "12050",
	"데파르망": "12060",
	"몰아치는 바람의 의지": "12070",
	"트로피카 : 리치": "12080",
	"인듀어런스 파워 레그": "12090",
	"아몬 : 거짓된 힘": "12100",
	"사악한 형상의 뿔": "12110",
	"구속의 퀴스": "12120",
	"지체없는 흐름의 가람": "12130",
	"임의 선택": "12140",
	"잠식된 신록의 숨결": "12150",
	"어둠을 파헤치는 바지": "12240",
	"시간에 휩쓸린 물소 각반": "12250",
	"본능적인 외침": "12260",
	"따르는 광기의 기운": "12270",
	"고대 제사장의 견대": "13010",
	"마법사 [???]의 망토": "13020",
	"즉흥적인 감각의 탱고": "13030",
	"죽음을 덮치는 그림자 견갑": "13040",
	"고귀한 집행자의 제복 견장": "13050",
	"퀘이크 프론": "13060",
	"바라는 삶의 투지": "13070",
	"트로피카 : 두리안": "13080",
	"에큐레이트 파워 숄더": "13090",
	"벨리알 : 멸망의 씨앗": "13100",
	"무한한 마나의 심장": "13110",
	"구속의 폴드런": "13120",
	"지체없는 흐름의 마루": "13130",
	"선택의 역설": "13140",
	"맹렬히 타오르는 화염": "13150",
	"고대 제사장의 띠": "14010",
	"마법사 [???]의 허리띠": "14020",
	"정열적인 흐름의 삼바": "14030",
	"죽음을 덮치는 그림자 벨트": "14040",
	"고귀한 집행자의 가죽 벨트": "14050",
	"오퍼레이션 델타": "14060",
	"수호하는 전사의 고난": "14070",
	"트로피카 : 망고스틴": "14080",
	"모빌리티 파워 벨트": "14090",
	"아바돈 : 절망의 나락": "14100",
	"강철을 뜯는 이빨": "14110",
	"구속의 체인 벨트": "14120",
	"지체없는 흐름의 바람": "14130",
	"합리적 선택": "14140",
	"잔잔한 청록의 물결": "14150",
	"고대 제사장의 샌들": "15010",
	"마법사 [???]의 부츠": "15020",
	"격렬한 스텝의 자이브": "15030",
	"죽음을 덮치는 그림자 부츠": "15040",
	"고귀한 집행자의 구두": "15050",
	"전쟁의 시작": "15060",
	"얼어붙는 밤의 인내": "15070",
	"트로피카 : 파파야": "15080",
	"벨로시티 파워 부츠": "15090",
	"바알 : 영혼의 타락": "15100",
	"융합된 자연의 핵": "15110",
	"구속의 체인 그리브": "15120",
	"지체없는 흐름의 미리내": "15130",
	"탈리스만 선택": "15140",
	"휘감는 햇살의 바람": "15150",
	"나락으로 빠진 발": "15320",
	"차원을 걷는 물소 부츠": "15330",
	"희비교차": "15340",
	"무너진 세상의 슬픔": "15350",
	"라이도 : 이동의 규율": "21160",
	"라이도 : 질서의 창조자": "21161",
	"새벽을 감싸는 따스함": "21170",
	"새벽을 녹이는 따스함": "21171",
	"하얀 코끼리의 가호": "21180",
	"가네샤의 영원한 가호": "21181",
	"화마의 불꽃 - 샐러맨더": "21190",
	"지고의 화염 - 이프리트": "21191",
	"지독한 집념의 탐구": "21240",
	"영원히 끝나지 않는 탐구": "21241",
	"시간을 가리키는 지침": "21250",
	"시간을 거스르는 자침": "21251",
	"전장을 지배하는 함성": "21260",
	"천지에 울려퍼지는 포효": "21261",
	"광란을 품은 자": "21270",
	"숙명을 뒤엎는 광란": "21271",
	"케나즈 : 정신을 밝히는 불": "22160",
	"달빛을 가두는 여명": "22170",
	"네잎 클로버의 초심": "22180",
	"냉염의 빙설 - 운디네": "22190",
	"타락한 세계수의 생명": "22280",
	"길 안내자의 계절": "22290",
	"비통한 자의 목걸이": "22300",
	"과격한 분노의 격앙": "22310",
	"게보 : 완벽한 균형": "23160",
	"고요를 머금은 이슬": "23170",
	"붉은 토끼의 축복": "23180",
	"축복의 바람 - 실프": "23190",
	"어둠을 지배하는 고리": "23320",
	"차원을 지나는 자의 인장": "23330",
	"운명의 장난": "23340",
	"광란을 품은 자의 종막": "23350",
	"군신의 유언장": "31200",
	"뜻을 품은 하늘": "31210",
	"종말의 시간": "31220",
	"제어 회로 모듈": "31230",
	"암흑술사가 직접 저술한 고서": "31280",
	"길 안내자의 여행서": "31290",
	"비운의 유물": "31300",
	"통제할 수 없는 화": "31310",
	"군신의 가호가 담긴 보석": "32200",
	"지혜를 담은 대지": "32210",
	"시간의 소용돌이": "32220",
	"에너지 분배 제어기": "32230",
	"암흑술사의 정수": "32240",
	"시간에 갇혀버린 모래": "32250",
	"적막이 흐르는 아우성": "32260",
	"폭주하는 광란의 힘": "32270",
	"군신의 수상한 귀걸이": "33200",
	"군신의 마지막 갈망": "33201",
	"마음을 새긴 바다": "33210",
	"영원을 새긴 바다": "33211",
	"시간의 모순": "33220",
	"또다른 시간의 흐름": "33221",
	"전자기 진공관": "33230",
	"플라즈마 초 진공관": "33231",
	"끝없는 나락의 다크버스": "33320",
	"영원한 나락의 다크버스": "33321",
	"차원을 맴도는 혜성": "33330",
	"차원을 관통하는 초신성": "33331",
	"운명을 마주하는 자": "33340",
	"운명을 거스르는 자": "33341",
	"슬픔을 담은 운명": "33350",
	"아린 고통의 비극": "33351",
	"fullname": "info",
	"39": 1,
	"퍼펙트컨트롤": "13390150",
	"선지자의 목걸이": "22390240",
	"독을 머금은 가시장갑": "21390340",
	"할기의 링": "23390450",
	"청면수라의 가면": "31390540",
	"적귀의 차원석": "1401",
	"패스트퓨처 이어링": "33390750",
	"진 : 검게 타락하는 경갑 상의": "11410130",
	"진 : 디멘션 쇼크 암릿": "21420130",
	"진 : 침식된 검은 십자 귀걸이": "33430130",
	"차원 : 검게 타락하는 경갑 상의": "11440",
	"차원 : 디멘션 쇼크 암릿": "21450",
	"차원 : 침식된 검은 십자 귀걸이": "33460",
	"무념의 의복": "11390850",
	"무형의 절개": "12390950",
	"무의식의 꽃": "13391050",
	"무아의 고리": "14391150",
	"무언의 죄악": "15391250",
	"무형 : 넥스의 잠식된 의복": "41510",
	"무형 : 암살자의 잠식된 의식": "41520",
	"무형 : 록시의 잠식된 광기": "41530",
	"무형 : 수문장의 잠식된 갑주": "41540",
	"무형 : 로도스의 잠식된 의지": "41550",
	"무의식 : 넥스의 몽환의 어둠": "42510",
	"무의식 : 암살자의 몽환의 흔적": "42520",
	"무의식 : 록시의 몽환의 약속": "42530",
	"무의식 : 수문장의 몽환의 사념": "42540",
	"무의식 : 로도스의 몽환의 근원": "42550",
	"환영 : 넥스의 검은 기운": "43510",
	"환영 : 암살자의 검은 검집": "43520",
	"환영 : 록시의 검은 구속구": "43530",
	"환영 : 수문장의 검은 가면": "43540",
	"환영 : 로도스의 검은 핵": "43550"
}