{
	"common": {
		"common_damage": "34184",
		"common_ele": "447"
	},
	"skill": [
		{
			"skillname": "귀연참",
			"reqlvl": "15",
			"maxlvl": "46",
			"lvl_interval": "2",
			"damage": "294028",
			"talisman": null,
			"cooltime": "5",
			"synergy": null
		},
		{
			"skillname": "합격-월령참",
			"reqlvl": "35",
			"maxlvl": "36",
			"lvl_interval": "2",
			"damage": "377237",
			"cooltime": "15",
			"talisman": null
		},
		{
			"skillname": "혼백참",
			"reqlvl": "35",
			"maxlvl": "36",
			"lvl_interval": "2",
			"damage": "336860",
			"talisman": {
				"skillname": "분쇄참-혼",
				"damage": "387389",
				"cooldown": "0.11"
			},
			"cooltime": "12"
		},
		{
			"skillname": "원귀-회천",
			"reqlvl": "40",
			"maxlvl": "33",
			"lvl_interval": "2",
			"damage": "405807",
			"cooltime": "20",
			"talisman": {
				"skillname": "회천-광폭",
				"damage": "503202"
			}
		},
		{
			"skillname": "악귀참수",
			"reqlvl": "45",
			"maxlvl": "31",
			"lvl_interval": "2",
			"damage": "912503",
			"cooltime": "45",
			"talisman": {
				"skillname": "천쇄참수",
				"damage": "1049378"
			}
		},
		{
			"skillname": "원귀-격살",
			"reqlvl": "60",
			"maxlvl": "23",
			"lvl_interval": "2",
			"damage": "407117",
			"cooltime": "20",
			"talisman": {
				"skillname": "최후의 집행귀",
				"damage": "460042",
				"cooldown": "0.15"
			}
		},
		{
			"skillname": "합격-나락참",
			"reqlvl": "70",
			"maxlvl": "18",
			"lvl_interval": "2",
			"damage": "885148",
			"cooltime": "50",
			"talisman": {
				"skillname": "나락참-극",
				"damage": "1095813"
			}
		},
		{
			"skillname": "원귀-신풍",
			"reqlvl": "75",
			"maxlvl": "16",
			"lvl_interval": "2",
			"damage": "758334",
			"cooltime": "40"
		},
		{
			"skillname": "악귀연무",
			"reqlvl": "80",
			"maxlvl": "13",
			"lvl_interval": "2",
			"damage": "936291",
			"cooltime": "50"
		},
		{
			"skillname": "참살",
			"reqlvl": "85",
			"maxlvl": "5",
			"lvl_interval": "5",
			"damage": "1879151",
			"cooltime": "180",
			"talisman": null
		},
		{
			"skillname": "무식-신귀극참",
			"reqlvl": "95",
			"maxlvl": "6",
			"lvl_interval": "2",
			"damage": "1162040",
			"cooltime": "60",
			"talisman": null
		},
		{
			"skillname": "투귀혼연살",
			"reqlvl": "100",
			"maxlvl": "2",
			"lvl_interval": "5",
			"damage": "3244828",
			"cooltime": "290",
			"silmari": null
		}
	],
	"passive": []
}