[
	{
		"code": 0,
		"name": "크림슨로제",
		"file": "F.Ranger"
	},
	{
		"code": 1,
		"name": "아슈타르테",
		"file": "Battle Mage"
	},
	{
		"code": 2,
		"name": "검신",
		"file": "Blade Master"
	},
	{
		"code": 3,
		"name": "블러드이블",
		"file": "Berserker"
	},
	{
		"code": 4,
		"name": "검제",
		"file": "Vagabond"
	},
	{
		"code": 5,
		"name": "디어사이드",
		"file": "Demon Slayer"
	},
	{
		"code": 6,
		"name": "명왕",
		"file": "M.Brawler"
	},
	{
		"code": 7,
		"name": "디스트로이어",
		"file": "M.Launcher"
	},
	{
		"code": 8,
		"name": "레이븐",
		"file": "M.Ranger"
	},
	{
		"code": 9,
		"name": "다크로드",
		"file": "Soul Bender"
	},
	{
		"code": 10,
		"name": "오버마인드",
		"file": "Elementalist"
	},
	{
		"code": 11,
		"name": "다크나이트",
		"file": "Dark Knight"
	},
	{
		"code": 12,
		"name": "워로드",
		"file": "Vanguard"
	},
	{
		"code": 13,
		"name": "가이아",
		"file": "Elven Knight"
	},
	{
		"code": 14,
		"name": "인다라천",
		"file": "Asura"
	},
	{
		"code": 15,
		"name": "악귀나찰",
		"file": "Ghostblade"
	},
	{
		"code": 16,
		"name": "마제스티",
		"file": "Sword Master"
	}
]